Track Id,Track title,href,Duration (ms),Explicit,Artist IDs,Album ID
2PC4c9WCUwTCzVPOuTnKiw,Sheep,https://api.spotify.com/v1/tracks/2PC4c9WCUwTCzVPOuTnKiw,106528,True,1z7b1Pr1rSlvWRzsW3HOrS,6a1EFm7L9Nl1wTm7JsrYBK,CHOMP 2,album
4ZY4ESokyev9AbweDXb8mS,Blue Chip (Feat. Ransom),https://api.spotify.com/v1/tracks/4ZY4ESokyev9AbweDXb8mS,196648,True,1z7b1Pr1rSlvWRzsW3HOrS,6a1EFm7L9Nl1wTm7JsrYBK,CHOMP 2,album
2CDlUN0Tik2u28LnJH7wUM,Bucket Hat Low (Feat. Papoose),https://api.spotify.com/v1/tracks/2CDlUN0Tik2u28LnJH7wUM,143000,True,1z7b1Pr1rSlvWRzsW3HOrS,6a1EFm7L9Nl1wTm7JsrYBK,CHOMP 2,album
66S46zBzgXEHnWcjtWdjI8,Nothin New,https://api.spotify.com/v1/tracks/66S46zBzgXEHnWcjtWdjI8,226919,True,1z7b1Pr1rSlvWRzsW3HOrS,6a1EFm7L9Nl1wTm7JsrYBK,CHOMP 2,album
5TsCLsbsvXvezWJG0F7F5T,Salute (Feat. Westside Gunn & Styles P),https://api.spotify.com/v1/tracks/5TsCLsbsvXvezWJG0F7F5T,273562,True,1z7b1Pr1rSlvWRzsW3HOrS,6a1EFm7L9Nl1wTm7JsrYBK,CHOMP 2,album
122br9dGnrQQgo5j19qeif,Faith,https://api.spotify.com/v1/tracks/122br9dGnrQQgo5j19qeif,219660,True,1z7b1Pr1rSlvWRzsW3HOrS,6a1EFm7L9Nl1wTm7JsrYBK,CHOMP 2,album
5rZCgrK4faFf3rcF0mifI4,"Free (Feat. Big K.R.I.T., Snoop Dogg & DJ Premier)",https://api.spotify.com/v1/tracks/5rZCgrK4faFf3rcF0mifI4,217864,True,1z7b1Pr1rSlvWRzsW3HOrS,6a1EFm7L9Nl1wTm7JsrYBK,CHOMP 2,album
4InLHMQ7mL21O94pQU5lhw,Top Of The World (Feat. Jay Electronica),https://api.spotify.com/v1/tracks/4InLHMQ7mL21O94pQU5lhw,199841,True,1z7b1Pr1rSlvWRzsW3HOrS,6a1EFm7L9Nl1wTm7JsrYBK,CHOMP 2,album
5GSUrmDtxynQhBDLz7X2Mt,"Note To Self (Feat. Big Sean, Wale, Joey Bada$$ & Hitboy)",https://api.spotify.com/v1/tracks/5GSUrmDtxynQhBDLz7X2Mt,323758,True,1z7b1Pr1rSlvWRzsW3HOrS,6a1EFm7L9Nl1wTm7JsrYBK,CHOMP 2,album
4bmmBbkzzEjvZLU9wBEVxq,Hustler Freestyle,https://api.spotify.com/v1/tracks/4bmmBbkzzEjvZLU9wBEVxq,123773,True,1z7b1Pr1rSlvWRzsW3HOrS,6a1EFm7L9Nl1wTm7JsrYBK,CHOMP 2,album
22gTonF1eCmzfQNOggJehT,Distance (Feat. Ghostface Killah & Conway the Machine),https://api.spotify.com/v1/tracks/22gTonF1eCmzfQNOggJehT,307943,True,1z7b1Pr1rSlvWRzsW3HOrS,6a1EFm7L9Nl1wTm7JsrYBK,CHOMP 2,album
6at20GDqHS61Cyb4QVxhy7,Get It (Feat. CyHi The Prynce & Lloyd Banks),https://api.spotify.com/v1/tracks/6at20GDqHS61Cyb4QVxhy7,289000,True,1z7b1Pr1rSlvWRzsW3HOrS,6a1EFm7L9Nl1wTm7JsrYBK,CHOMP 2,album
1wiOY57Wpg8hgNz0ppXj5Q,Enjoy The View,https://api.spotify.com/v1/tracks/1wiOY57Wpg8hgNz0ppXj5Q,254909,True,1z7b1Pr1rSlvWRzsW3HOrS,6a1EFm7L9Nl1wTm7JsrYBK,CHOMP 2,album
0CPDHa2T8wHmiXsJWzoA6Y,Golden,https://api.spotify.com/v1/tracks/0CPDHa2T8wHmiXsJWzoA6Y,170081,True,1z7b1Pr1rSlvWRzsW3HOrS,6a1EFm7L9Nl1wTm7JsrYBK,CHOMP 2,album
6xRNqXP3baPR9buXr8vreM,3AM,https://api.spotify.com/v1/tracks/6xRNqXP3baPR9buXr8vreM,200547,True,1z7b1Pr1rSlvWRzsW3HOrS,5Vmz3pIxG7Dsx7fzHgtyJB,SHAKE THE SNOW GLOBE (DELUXE),album
74OjcDDHAlNuCQbAKC1KwL,SKY (feat. Boogie),https://api.spotify.com/v1/tracks/74OjcDDHAlNuCQbAKC1KwL,213281,True,1z7b1Pr1rSlvWRzsW3HOrS,5Vmz3pIxG7Dsx7fzHgtyJB,SHAKE THE SNOW GLOBE (DELUXE),album
41fpObQ6PnCk0eAbULFbad,YOU COULDA LEFT ME ALONE,https://api.spotify.com/v1/tracks/41fpObQ6PnCk0eAbULFbad,141800,True,1z7b1Pr1rSlvWRzsW3HOrS,5Vmz3pIxG7Dsx7fzHgtyJB,SHAKE THE SNOW GLOBE (DELUXE),album
2CmSjGo9KRVvNiDgIZudCj,NO TEARS LEFT,https://api.spotify.com/v1/tracks/2CmSjGo9KRVvNiDgIZudCj,236151,True,1z7b1Pr1rSlvWRzsW3HOrS,5Vmz3pIxG7Dsx7fzHgtyJB,SHAKE THE SNOW GLOBE (DELUXE),album
2FFZ2Rjgg2m4TWH9HtaNuk,2006,https://api.spotify.com/v1/tracks/2FFZ2Rjgg2m4TWH9HtaNuk,193000,True,1z7b1Pr1rSlvWRzsW3HOrS,5Vmz3pIxG7Dsx7fzHgtyJB,SHAKE THE SNOW GLOBE (DELUXE),album
2PFfYONCjd1Jazjg8B4yHv,SUMMER AT 7,https://api.spotify.com/v1/tracks/2PFfYONCjd1Jazjg8B4yHv,174660,True,1z7b1Pr1rSlvWRzsW3HOrS,5Vmz3pIxG7Dsx7fzHgtyJB,SHAKE THE SNOW GLOBE (DELUXE),album
1To4zdRrEQsWw7KVzwuyY4,PARANOID,https://api.spotify.com/v1/tracks/1To4zdRrEQsWw7KVzwuyY4,181930,True,1z7b1Pr1rSlvWRzsW3HOrS,5Vmz3pIxG7Dsx7fzHgtyJB,SHAKE THE SNOW GLOBE (DELUXE),album
5EeLWCcbgfD5tcsvanVmxM,NEED A MINUTE,https://api.spotify.com/v1/tracks/5EeLWCcbgfD5tcsvanVmxM,166005,True,1z7b1Pr1rSlvWRzsW3HOrS,5Vmz3pIxG7Dsx7fzHgtyJB,SHAKE THE SNOW GLOBE (DELUXE),album
6JtHhpMnYvU0w53jxxrC8B,GUESS WHAT (feat. Rick Ross),https://api.spotify.com/v1/tracks/6JtHhpMnYvU0w53jxxrC8B,206006,True,1z7b1Pr1rSlvWRzsW3HOrS,5Vmz3pIxG7Dsx7fzHgtyJB,SHAKE THE SNOW GLOBE (DELUXE),album
3AdD6jh84ZDO9eeBeFNgE7,A LOT MORE,https://api.spotify.com/v1/tracks/3AdD6jh84ZDO9eeBeFNgE7,200126,True,1z7b1Pr1rSlvWRzsW3HOrS,5Vmz3pIxG7Dsx7fzHgtyJB,SHAKE THE SNOW GLOBE (DELUXE),album
2CvVvkuyCgy6y4CbqK17xG,CAN'T GO ON,https://api.spotify.com/v1/tracks/2CvVvkuyCgy6y4CbqK17xG,183669,True,1z7b1Pr1rSlvWRzsW3HOrS,5Vmz3pIxG7Dsx7fzHgtyJB,SHAKE THE SNOW GLOBE (DELUXE),album
0JUEZLTxyaAwGJhzb9U8PN,ASSHOLE (feat. Bugus),https://api.spotify.com/v1/tracks/0JUEZLTxyaAwGJhzb9U8PN,222405,True,1z7b1Pr1rSlvWRzsW3HOrS,5Vmz3pIxG7Dsx7fzHgtyJB,SHAKE THE SNOW GLOBE (DELUXE),album
1HkxPY4VFsCGo2SDgme8Wn,NIGHTTIME (Interlude),https://api.spotify.com/v1/tracks/1HkxPY4VFsCGo2SDgme8Wn,189295,True,1z7b1Pr1rSlvWRzsW3HOrS,5Vmz3pIxG7Dsx7fzHgtyJB,SHAKE THE SNOW GLOBE (DELUXE),album
0wtnEYs277hqEGrg44hNLG,ALL TO YOU (feat. Kiana Ledé),https://api.spotify.com/v1/tracks/0wtnEYs277hqEGrg44hNLG,185660,False,1z7b1Pr1rSlvWRzsW3HOrS,5Vmz3pIxG7Dsx7fzHgtyJB,SHAKE THE SNOW GLOBE (DELUXE),album
6QfmvXoVM1wEJM8j7988lt,SHOTS,https://api.spotify.com/v1/tracks/6QfmvXoVM1wEJM8j7988lt,170468,True,1z7b1Pr1rSlvWRzsW3HOrS,5Vmz3pIxG7Dsx7fzHgtyJB,SHAKE THE SNOW GLOBE (DELUXE),album
5DnmVy5OSVwpdB97dNBS5i,PATIENCE,https://api.spotify.com/v1/tracks/5DnmVy5OSVwpdB97dNBS5i,184604,True,1z7b1Pr1rSlvWRzsW3HOrS,5Vmz3pIxG7Dsx7fzHgtyJB,SHAKE THE SNOW GLOBE (DELUXE),album
4gTrWkQqn4xC2qcwQEIYg8,I THOUGHT YOU GOT ME (feat. Benny The Butcher),https://api.spotify.com/v1/tracks/4gTrWkQqn4xC2qcwQEIYg8,261667,False,1z7b1Pr1rSlvWRzsW3HOrS,5Vmz3pIxG7Dsx7fzHgtyJB,SHAKE THE SNOW GLOBE (DELUXE),album
68xVfTT9FWMa23lxctnO4Z,FOOT ON THE GAS (feat. Devin the Dude),https://api.spotify.com/v1/tracks/68xVfTT9FWMa23lxctnO4Z,160101,True,1z7b1Pr1rSlvWRzsW3HOrS,5Vmz3pIxG7Dsx7fzHgtyJB,SHAKE THE SNOW GLOBE (DELUXE),album
0DxMRGqCRPl9L1bWWqe26F,MOMMA,https://api.spotify.com/v1/tracks/0DxMRGqCRPl9L1bWWqe26F,194157,True,1z7b1Pr1rSlvWRzsW3HOrS,5Vmz3pIxG7Dsx7fzHgtyJB,SHAKE THE SNOW GLOBE (DELUXE),album
703X85EGWxUkPPBfFgstBp,CIVIL WAR - Bonus,https://api.spotify.com/v1/tracks/703X85EGWxUkPPBfFgstBp,144516,True,1z7b1Pr1rSlvWRzsW3HOrS,5Vmz3pIxG7Dsx7fzHgtyJB,SHAKE THE SNOW GLOBE (DELUXE),album
21Wslyd3w8918CKso0YwT5,BEST ON EARTH (feat. BIA) - Bonus,https://api.spotify.com/v1/tracks/21Wslyd3w8918CKso0YwT5,160719,True,1z7b1Pr1rSlvWRzsW3HOrS,5Vmz3pIxG7Dsx7fzHgtyJB,SHAKE THE SNOW GLOBE (DELUXE),album
7o4uJWYedySmbObBamfW9E,NEED A MINUTE,https://api.spotify.com/v1/tracks/7o4uJWYedySmbObBamfW9E,164013,True,1z7b1Pr1rSlvWRzsW3HOrS,2ZzatxW5gv1XZ0uai8TKxk,SHAKE THE SNOW GLOBE,album
40FUPlp2KJvdHY5ABnK100,GUESS WHAT (feat. Rick Ross),https://api.spotify.com/v1/tracks/40FUPlp2KJvdHY5ABnK100,206013,True,1z7b1Pr1rSlvWRzsW3HOrS,2ZzatxW5gv1XZ0uai8TKxk,SHAKE THE SNOW GLOBE,album
3BqUnohnUBmFWQxo0DT0uA,A LOT MORE,https://api.spotify.com/v1/tracks/3BqUnohnUBmFWQxo0DT0uA,200120,True,1z7b1Pr1rSlvWRzsW3HOrS,2ZzatxW5gv1XZ0uai8TKxk,SHAKE THE SNOW GLOBE,album
67hWtdEgU9X2c8w5OIIIoo,CAN'T GO ON,https://api.spotify.com/v1/tracks/67hWtdEgU9X2c8w5OIIIoo,183680,True,1z7b1Pr1rSlvWRzsW3HOrS,2ZzatxW5gv1XZ0uai8TKxk,SHAKE THE SNOW GLOBE,album
0kJLquo7RDeB5zbUDk5cMX,ASSHOLE (feat. Bugus),https://api.spotify.com/v1/tracks/0kJLquo7RDeB5zbUDk5cMX,222400,True,1z7b1Pr1rSlvWRzsW3HOrS,2ZzatxW5gv1XZ0uai8TKxk,SHAKE THE SNOW GLOBE,album
1LErJ8H8vJK9uJi66zlvbw,NIGHTTIME (Interlude),https://api.spotify.com/v1/tracks/1LErJ8H8vJK9uJi66zlvbw,189866,True,1z7b1Pr1rSlvWRzsW3HOrS,2ZzatxW5gv1XZ0uai8TKxk,SHAKE THE SNOW GLOBE,album
0Bigou27TPeAglUOWYm5b2,ALL TO YOU (feat. Kiana Ledé),https://api.spotify.com/v1/tracks/0Bigou27TPeAglUOWYm5b2,184493,False,1z7b1Pr1rSlvWRzsW3HOrS,2ZzatxW5gv1XZ0uai8TKxk,SHAKE THE SNOW GLOBE,album
0uiBDaPkLY5YK2lRrqz3KC,SHOTS,https://api.spotify.com/v1/tracks/0uiBDaPkLY5YK2lRrqz3KC,170466,True,1z7b1Pr1rSlvWRzsW3HOrS,2ZzatxW5gv1XZ0uai8TKxk,SHAKE THE SNOW GLOBE,album
2B7keMmAP8OGjXOXFnHeae,PATIENCE,https://api.spotify.com/v1/tracks/2B7keMmAP8OGjXOXFnHeae,184600,True,1z7b1Pr1rSlvWRzsW3HOrS,2ZzatxW5gv1XZ0uai8TKxk,SHAKE THE SNOW GLOBE,album
73LgPgGhYMHNavdtZ7gW9e,I THOUGHT YOU GOT ME (feat. Benny The Butcher),https://api.spotify.com/v1/tracks/73LgPgGhYMHNavdtZ7gW9e,261666,False,1z7b1Pr1rSlvWRzsW3HOrS,2ZzatxW5gv1XZ0uai8TKxk,SHAKE THE SNOW GLOBE,album
5PB2eTXu0hPWmZEKttl7J3,FOOT ON THE GAS (feat. Devin the Dude),https://api.spotify.com/v1/tracks/5PB2eTXu0hPWmZEKttl7J3,158253,True,1z7b1Pr1rSlvWRzsW3HOrS,2ZzatxW5gv1XZ0uai8TKxk,SHAKE THE SNOW GLOBE,album
61ntN96uYfozEvph0xw1uh,MOMMA,https://api.spotify.com/v1/tracks/61ntN96uYfozEvph0xw1uh,194160,True,1z7b1Pr1rSlvWRzsW3HOrS,2ZzatxW5gv1XZ0uai8TKxk,SHAKE THE SNOW GLOBE,album
0IUgswE9wJaY4QIQZEDTKe,CIVIL WAR - Bonus,https://api.spotify.com/v1/tracks/0IUgswE9wJaY4QIQZEDTKe,144506,True,1z7b1Pr1rSlvWRzsW3HOrS,2ZzatxW5gv1XZ0uai8TKxk,SHAKE THE SNOW GLOBE,album
0xKBkLcF71uUQeTA7FSu4A,BEST ON EARTH (feat. BIA) - Bonus,https://api.spotify.com/v1/tracks/0xKBkLcF71uUQeTA7FSu4A,160720,True,1z7b1Pr1rSlvWRzsW3HOrS,2ZzatxW5gv1XZ0uai8TKxk,SHAKE THE SNOW GLOBE,album
6pGuOWYOFDcSgmVvFWRWSv,The Flute Song,https://api.spotify.com/v1/tracks/6pGuOWYOFDcSgmVvFWRWSv,147600,True,1z7b1Pr1rSlvWRzsW3HOrS,48Kac3ieDtt9OSp9Fm4g9e,ZOO,album
4dLLeoa1HtrK6BqBVzEdqH,Outlaw,https://api.spotify.com/v1/tracks/4dLLeoa1HtrK6BqBVzEdqH,222413,True,1z7b1Pr1rSlvWRzsW3HOrS,48Kac3ieDtt9OSp9Fm4g9e,ZOO,album
1Y1UKiNNqMpSc1HojIjJvB,Kill Them All,https://api.spotify.com/v1/tracks/1Y1UKiNNqMpSc1HojIjJvB,267133,True,1z7b1Pr1rSlvWRzsW3HOrS,48Kac3ieDtt9OSp9Fm4g9e,ZOO,album
4ve2uzqdwnHr20G5YgMMqr,Missin You Crazy,https://api.spotify.com/v1/tracks/4ve2uzqdwnHr20G5YgMMqr,226693,True,1z7b1Pr1rSlvWRzsW3HOrS,48Kac3ieDtt9OSp9Fm4g9e,ZOO,album
4Oi9e9Ajh72JUhQqI87kGc,Voicemail,https://api.spotify.com/v1/tracks/4Oi9e9Ajh72JUhQqI87kGc,189133,True,1z7b1Pr1rSlvWRzsW3HOrS,48Kac3ieDtt9OSp9Fm4g9e,ZOO,album
3hWScIEUaZGBKTnVYdNwrW,Parkstone Drive,https://api.spotify.com/v1/tracks/3hWScIEUaZGBKTnVYdNwrW,205720,True,1z7b1Pr1rSlvWRzsW3HOrS,48Kac3ieDtt9OSp9Fm4g9e,ZOO,album
6EgWb0x0RkCcSpgud1FuQV,Begging You,https://api.spotify.com/v1/tracks/6EgWb0x0RkCcSpgud1FuQV,252266,True,1z7b1Pr1rSlvWRzsW3HOrS,48Kac3ieDtt9OSp9Fm4g9e,ZOO,album
6hp5Ytt1DmRaviuXkSTO7L,Serious,https://api.spotify.com/v1/tracks/6hp5Ytt1DmRaviuXkSTO7L,188946,True,1z7b1Pr1rSlvWRzsW3HOrS,48Kac3ieDtt9OSp9Fm4g9e,ZOO,album
0XVEnrHgsQSOtCY8s0QRql,Keep My Wits,https://api.spotify.com/v1/tracks/0XVEnrHgsQSOtCY8s0QRql,238226,True,1z7b1Pr1rSlvWRzsW3HOrS,48Kac3ieDtt9OSp9Fm4g9e,ZOO,album
0zycJ5wiUlx2aP3MySQv0S,Our Time,https://api.spotify.com/v1/tracks/0zycJ5wiUlx2aP3MySQv0S,170293,True,1z7b1Pr1rSlvWRzsW3HOrS,48Kac3ieDtt9OSp9Fm4g9e,ZOO,album
3rDuYJzkBZw9jbbrRatwWu,From a Distance,https://api.spotify.com/v1/tracks/3rDuYJzkBZw9jbbrRatwWu,175320,True,1z7b1Pr1rSlvWRzsW3HOrS,48Kac3ieDtt9OSp9Fm4g9e,ZOO,album
5U1OcBfP61WcT2yTpXKx72,Last Forever (feat. Rick Ross & Snoop Dogg),https://api.spotify.com/v1/tracks/5U1OcBfP61WcT2yTpXKx72,235853,True,1z7b1Pr1rSlvWRzsW3HOrS,48Kac3ieDtt9OSp9Fm4g9e,ZOO,album
2jPQGsL5ZuIp9NTlvZ4TKD,Keep It Pushin (feat. Mahalia),https://api.spotify.com/v1/tracks/2jPQGsL5ZuIp9NTlvZ4TKD,300280,True,1z7b1Pr1rSlvWRzsW3HOrS,48Kac3ieDtt9OSp9Fm4g9e,ZOO,album
1EVRS5M4KwxbcyI69Es5N7,Fuck That,https://api.spotify.com/v1/tracks/1EVRS5M4KwxbcyI69Es5N7,244733,True,1z7b1Pr1rSlvWRzsW3HOrS,48Kac3ieDtt9OSp9Fm4g9e,ZOO,album
2fJAWYNc9P53oowjkpkYbh,I'm Here,https://api.spotify.com/v1/tracks/2fJAWYNc9P53oowjkpkYbh,239466,True,1z7b1Pr1rSlvWRzsW3HOrS,0lUL92det7mZ4DaHYmiUEC,There's Really A Wolf,album
4DqCB4QBJv8ESudmYG5L1f,The Stakeout,https://api.spotify.com/v1/tracks/4DqCB4QBJv8ESudmYG5L1f,171013,True,1z7b1Pr1rSlvWRzsW3HOrS,0lUL92det7mZ4DaHYmiUEC,There's Really A Wolf,album
1CmDHKA6LLC6LIhw9brYKV,Act Now,https://api.spotify.com/v1/tracks/1CmDHKA6LLC6LIhw9brYKV,189426,True,1z7b1Pr1rSlvWRzsW3HOrS,0lUL92det7mZ4DaHYmiUEC,There's Really A Wolf,album
6qcuRcbz8DCLG6nG4or8Uo,Cherry Hill,https://api.spotify.com/v1/tracks/6qcuRcbz8DCLG6nG4or8Uo,222453,False,1z7b1Pr1rSlvWRzsW3HOrS,0lUL92det7mZ4DaHYmiUEC,There's Really A Wolf,album
4f1QbCjIAgQwnf7ms9NXWx,Me You,https://api.spotify.com/v1/tracks/4f1QbCjIAgQwnf7ms9NXWx,164200,True,1z7b1Pr1rSlvWRzsW3HOrS,0lUL92det7mZ4DaHYmiUEC,There's Really A Wolf,album
6HK4YGOpZr1ost68QP3ul0,Ride Slow,https://api.spotify.com/v1/tracks/6HK4YGOpZr1ost68QP3ul0,185400,False,1z7b1Pr1rSlvWRzsW3HOrS,0lUL92det7mZ4DaHYmiUEC,There's Really A Wolf,album
4eu6JBKQQDruA38FBDX22d,Don't Lie,https://api.spotify.com/v1/tracks/4eu6JBKQQDruA38FBDX22d,188000,True,1z7b1Pr1rSlvWRzsW3HOrS,0lUL92det7mZ4DaHYmiUEC,There's Really A Wolf,album
5mB1bWU8VueYVxuvcLPn2B,Do It Myself,https://api.spotify.com/v1/tracks/5mB1bWU8VueYVxuvcLPn2B,167333,True,1z7b1Pr1rSlvWRzsW3HOrS,0lUL92det7mZ4DaHYmiUEC,There's Really A Wolf,album
7aDX6FMpAW6WFEWiKJnXKe,I Wanna Go Down With You,https://api.spotify.com/v1/tracks/7aDX6FMpAW6WFEWiKJnXKe,183413,False,1z7b1Pr1rSlvWRzsW3HOrS,0lUL92det7mZ4DaHYmiUEC,There's Really A Wolf,album
12D58FK59SgrfG1r7MDi4r,Family & Friends,https://api.spotify.com/v1/tracks/12D58FK59SgrfG1r7MDi4r,175106,True,1z7b1Pr1rSlvWRzsW3HOrS,0lUL92det7mZ4DaHYmiUEC,There's Really A Wolf,album
3pndPhlQWjuSoXhcIIdBjv,What They Want,https://api.spotify.com/v1/tracks/3pndPhlQWjuSoXhcIIdBjv,165853,True,1z7b1Pr1rSlvWRzsW3HOrS,0lUL92det7mZ4DaHYmiUEC,There's Really A Wolf,album
3p4WqtYWXEqO6iShUAZTAc,Got This,https://api.spotify.com/v1/tracks/3p4WqtYWXEqO6iShUAZTAc,172773,True,1z7b1Pr1rSlvWRzsW3HOrS,0lUL92det7mZ4DaHYmiUEC,There's Really A Wolf,album
3ifyEy9pIoaY1DbJ7o3LX0,No Turning Back,https://api.spotify.com/v1/tracks/3ifyEy9pIoaY1DbJ7o3LX0,154826,True,1z7b1Pr1rSlvWRzsW3HOrS,0lUL92det7mZ4DaHYmiUEC,There's Really A Wolf,album
4cxMGhkinTocPSVVKWIw0d,Losin Control,https://api.spotify.com/v1/tracks/4cxMGhkinTocPSVVKWIw0d,237506,True,1z7b1Pr1rSlvWRzsW3HOrS,0lUL92det7mZ4DaHYmiUEC,There's Really A Wolf,album
3Zc922QGIRgdMRFa6qSiz7,Scared,https://api.spotify.com/v1/tracks/3Zc922QGIRgdMRFa6qSiz7,179066,True,1z7b1Pr1rSlvWRzsW3HOrS,0lUL92det7mZ4DaHYmiUEC,There's Really A Wolf,album
0Hm0TZFnKnmw9qENRPBCB9,Back To You,https://api.spotify.com/v1/tracks/0Hm0TZFnKnmw9qENRPBCB9,207546,False,1z7b1Pr1rSlvWRzsW3HOrS,0lUL92det7mZ4DaHYmiUEC,There's Really A Wolf,album
7L3FllK8NDaivTBFuvYf9i,One More Shot,https://api.spotify.com/v1/tracks/7L3FllK8NDaivTBFuvYf9i,191973,True,1z7b1Pr1rSlvWRzsW3HOrS,0lUL92det7mZ4DaHYmiUEC,There's Really A Wolf,album
0eiRA0zYMV1et8R0C52WM2,Emergency,https://api.spotify.com/v1/tracks/0eiRA0zYMV1et8R0C52WM2,230173,True,1z7b1Pr1rSlvWRzsW3HOrS,0lUL92det7mZ4DaHYmiUEC,There's Really A Wolf,album
57evRskKe47TvzG96SLLTM,Pull The Trigger,https://api.spotify.com/v1/tracks/57evRskKe47TvzG96SLLTM,156560,True,1z7b1Pr1rSlvWRzsW3HOrS,0lUL92det7mZ4DaHYmiUEC,There's Really A Wolf,album
6euh6chaRsi3Ywb1gA9LlO,MVP,https://api.spotify.com/v1/tracks/6euh6chaRsi3Ywb1gA9LlO,256253,True,1z7b1Pr1rSlvWRzsW3HOrS,0lUL92det7mZ4DaHYmiUEC,There's Really A Wolf,album
4lMLWhTCGFbrfP8p7Mm7Vx,I Can't Lie,https://api.spotify.com/v1/tracks/4lMLWhTCGFbrfP8p7Mm7Vx,152790,True,1z7b1Pr1rSlvWRzsW3HOrS,2s7lwmva05g4kccq1f31oK,Silence,album
4bI8a3bXcI0CIobu3M0F3W,Lately (feat. Bugus & Musa),https://api.spotify.com/v1/tracks/4bI8a3bXcI0CIobu3M0F3W,216946,True,1z7b1Pr1rSlvWRzsW3HOrS,2s7lwmva05g4kccq1f31oK,Silence,album
3WTDhu4syeNHtuHzdg8lu5,Yellow,https://api.spotify.com/v1/tracks/3WTDhu4syeNHtuHzdg8lu5,132075,True,1z7b1Pr1rSlvWRzsW3HOrS,2s7lwmva05g4kccq1f31oK,Silence,album
5OG9RaTkIPhbE1nKy5oi72,90s Babies (feat. Bugus),https://api.spotify.com/v1/tracks/5OG9RaTkIPhbE1nKy5oi72,171258,True,1z7b1Pr1rSlvWRzsW3HOrS,2s7lwmva05g4kccq1f31oK,Silence,album
1ewbSqGkXHTeeV5nReyups,Army,https://api.spotify.com/v1/tracks/1ewbSqGkXHTeeV5nReyups,145240,True,1z7b1Pr1rSlvWRzsW3HOrS,2s7lwmva05g4kccq1f31oK,Silence,album
60DYd3b1tkYvz1s5QXEU20,Comin Thru,https://api.spotify.com/v1/tracks/60DYd3b1tkYvz1s5QXEU20,213864,True,1z7b1Pr1rSlvWRzsW3HOrS,2s7lwmva05g4kccq1f31oK,Silence,album
6q9ln4FsyEAETN5eqlP9AH,Connected,https://api.spotify.com/v1/tracks/6q9ln4FsyEAETN5eqlP9AH,129567,True,1z7b1Pr1rSlvWRzsW3HOrS,2s7lwmva05g4kccq1f31oK,Silence,album
2NX9wsn2pIFlSk0PXCmqC9,Gypsy,https://api.spotify.com/v1/tracks/2NX9wsn2pIFlSk0PXCmqC9,174654,True,1z7b1Pr1rSlvWRzsW3HOrS,2s7lwmva05g4kccq1f31oK,Silence,album
7JaJPAHxEcGXgtMzEYetgE,Keep the Faith,https://api.spotify.com/v1/tracks/7JaJPAHxEcGXgtMzEYetgE,117812,True,1z7b1Pr1rSlvWRzsW3HOrS,2s7lwmva05g4kccq1f31oK,Silence,album
6KDXdvYjrWjHBrGY3vtmGm,All My Angels,https://api.spotify.com/v1/tracks/6KDXdvYjrWjHBrGY3vtmGm,137743,True,1z7b1Pr1rSlvWRzsW3HOrS,2s7lwmva05g4kccq1f31oK,Silence,album
0iM8UDJmdNhtGynWplakrH,Naked,https://api.spotify.com/v1/tracks/0iM8UDJmdNhtGynWplakrH,176065,True,1z7b1Pr1rSlvWRzsW3HOrS,2s7lwmva05g4kccq1f31oK,Silence,album
2FN5B7qquAKZaDMG6urjh5,Paulo Coelho,https://api.spotify.com/v1/tracks/2FN5B7qquAKZaDMG6urjh5,168071,True,1z7b1Pr1rSlvWRzsW3HOrS,2s7lwmva05g4kccq1f31oK,Silence,album
7ybo9jYmu57fKpUgbqgGw5,Brush Me (feat. Collie Buddz),https://api.spotify.com/v1/tracks/7ybo9jYmu57fKpUgbqgGw5,122853,True,1z7b1Pr1rSlvWRzsW3HOrS,2s7lwmva05g4kccq1f31oK,Silence,album
7ndZwTpMafdDSsShWm8cpX,Me (feat. Chioma),https://api.spotify.com/v1/tracks/7ndZwTpMafdDSsShWm8cpX,160574,True,1z7b1Pr1rSlvWRzsW3HOrS,2s7lwmva05g4kccq1f31oK,Silence,album
6HpXphhkaFftB1dluhtWyu,There Is No God but You,https://api.spotify.com/v1/tracks/6HpXphhkaFftB1dluhtWyu,48065,False,1z7b1Pr1rSlvWRzsW3HOrS,2kZ8n3EFPdiWXM5x2j0JxF,Brain Dead,album
4OxyXZpkM6OEOT6S0TPLWs,Abra,https://api.spotify.com/v1/tracks/4OxyXZpkM6OEOT6S0TPLWs,109374,True,1z7b1Pr1rSlvWRzsW3HOrS,2kZ8n3EFPdiWXM5x2j0JxF,Brain Dead,album
6HZKnuTYZb08Dio6BxwN9B,Murder Me,https://api.spotify.com/v1/tracks/6HZKnuTYZb08Dio6BxwN9B,218253,True,1z7b1Pr1rSlvWRzsW3HOrS,2kZ8n3EFPdiWXM5x2j0JxF,Brain Dead,album
3I7CNclwo5MzDv5dxmvSOe,Lucy,https://api.spotify.com/v1/tracks/3I7CNclwo5MzDv5dxmvSOe,121861,True,1z7b1Pr1rSlvWRzsW3HOrS,2kZ8n3EFPdiWXM5x2j0JxF,Brain Dead,album
3uRvlZz3l00SGtET2AjaDw,"The Mirror, Pt. 1",https://api.spotify.com/v1/tracks/3uRvlZz3l00SGtET2AjaDw,99578,True,1z7b1Pr1rSlvWRzsW3HOrS,2kZ8n3EFPdiWXM5x2j0JxF,Brain Dead,album
6dlOra6KU604j6k7sBdIAd,Tell Me,https://api.spotify.com/v1/tracks/6dlOra6KU604j6k7sBdIAd,132989,True,1z7b1Pr1rSlvWRzsW3HOrS,2kZ8n3EFPdiWXM5x2j0JxF,Brain Dead,album
5zHOJUJm7BsdRVWX3PyJGs,I'm Gonna Make You Love Me,https://api.spotify.com/v1/tracks/5zHOJUJm7BsdRVWX3PyJGs,166739,True,1z7b1Pr1rSlvWRzsW3HOrS,2kZ8n3EFPdiWXM5x2j0JxF,Brain Dead,album
71sVondOhpxf4FjG3sLmfK,Celebrity,https://api.spotify.com/v1/tracks/71sVondOhpxf4FjG3sLmfK,175124,True,1z7b1Pr1rSlvWRzsW3HOrS,2kZ8n3EFPdiWXM5x2j0JxF,Brain Dead,album
1Cn9RdkU15sibYJ98Y3dsf,Problems,https://api.spotify.com/v1/tracks/1Cn9RdkU15sibYJ98Y3dsf,118726,True,1z7b1Pr1rSlvWRzsW3HOrS,2kZ8n3EFPdiWXM5x2j0JxF,Brain Dead,album
0v2aOISpuqd5gvjIkGNtri,Just Go Up,https://api.spotify.com/v1/tracks/0v2aOISpuqd5gvjIkGNtri,185652,True,1z7b1Pr1rSlvWRzsW3HOrS,2kZ8n3EFPdiWXM5x2j0JxF,Brain Dead,album
2Vffq11rHivLh1tyQ6LNIG,"The Mirror, Pt. 2",https://api.spotify.com/v1/tracks/2Vffq11rHivLh1tyQ6LNIG,88424,True,1z7b1Pr1rSlvWRzsW3HOrS,2kZ8n3EFPdiWXM5x2j0JxF,Brain Dead,album
0JoT9l8CardKLZ0lPWrSbE,Purple,https://api.spotify.com/v1/tracks/0JoT9l8CardKLZ0lPWrSbE,194115,True,1z7b1Pr1rSlvWRzsW3HOrS,2kZ8n3EFPdiWXM5x2j0JxF,Brain Dead,album
6ECsOM7gk9MnsSmqiEhvmu,Goodbye,https://api.spotify.com/v1/tracks/6ECsOM7gk9MnsSmqiEhvmu,252857,True,1z7b1Pr1rSlvWRzsW3HOrS,3nOVGPuYjHJpq6tdvRMDcF,Pink Elephant,album
1eeWMU82svAW1oKfsOej0f,Psycho,https://api.spotify.com/v1/tracks/1eeWMU82svAW1oKfsOej0f,202545,True,1z7b1Pr1rSlvWRzsW3HOrS,3nOVGPuYjHJpq6tdvRMDcF,Pink Elephant,album
71oGnFM08JKrfVvOyJoDDu,That Feeling,https://api.spotify.com/v1/tracks/71oGnFM08JKrfVvOyJoDDu,188909,True,1z7b1Pr1rSlvWRzsW3HOrS,3nOVGPuYjHJpq6tdvRMDcF,Pink Elephant,album
4WM18UFE2Wta9R9EF3ZQVP,Walk Thru It,https://api.spotify.com/v1/tracks/4WM18UFE2Wta9R9EF3ZQVP,86065,True,1z7b1Pr1rSlvWRzsW3HOrS,3nOVGPuYjHJpq6tdvRMDcF,Pink Elephant,album
4xWTK9s0XtksTsgQ30KB2r,Devil In Her Heart,https://api.spotify.com/v1/tracks/4xWTK9s0XtksTsgQ30KB2r,155133,True,1z7b1Pr1rSlvWRzsW3HOrS,3nOVGPuYjHJpq6tdvRMDcF,Pink Elephant,album
0ewGwvfFtssdm4XC3HlZgb,Problem Child,https://api.spotify.com/v1/tracks/0ewGwvfFtssdm4XC3HlZgb,195048,True,1z7b1Pr1rSlvWRzsW3HOrS,3nOVGPuYjHJpq6tdvRMDcF,Pink Elephant,album
7yQi82A7THTjyW5f6Vd9kD,We Should All Burn Together,https://api.spotify.com/v1/tracks/7yQi82A7THTjyW5f6Vd9kD,192697,True,1z7b1Pr1rSlvWRzsW3HOrS,3nOVGPuYjHJpq6tdvRMDcF,Pink Elephant,album
0nWBG8m8WThG8yPLV3suFG,Slow Dancing in Slow Motion in Russia,https://api.spotify.com/v1/tracks/0nWBG8m8WThG8yPLV3suFG,42057,False,1z7b1Pr1rSlvWRzsW3HOrS,3TS0aPsOU08Eu3Jr5NSWPz,Color Blind,album
0YAaZ5IWzTowKeo3BPh07Z,Red Flags,https://api.spotify.com/v1/tracks/0YAaZ5IWzTowKeo3BPh07Z,216659,True,1z7b1Pr1rSlvWRzsW3HOrS,3TS0aPsOU08Eu3Jr5NSWPz,Color Blind,album
1OvPWqTi6IwTwRN8FT9ZJD,I Don't Know How to Love You,https://api.spotify.com/v1/tracks/1OvPWqTi6IwTwRN8FT9ZJD,158119,True,1z7b1Pr1rSlvWRzsW3HOrS,3TS0aPsOU08Eu3Jr5NSWPz,Color Blind,album
47zo1Yrh6iYBiiC3vPXdw9,I Think My Girl Caught a Body,https://api.spotify.com/v1/tracks/47zo1Yrh6iYBiiC3vPXdw9,139911,True,1z7b1Pr1rSlvWRzsW3HOrS,3TS0aPsOU08Eu3Jr5NSWPz,Color Blind,album
1BjmAA9Mt7g1lwjhZaN051,Adrenaline,https://api.spotify.com/v1/tracks/1BjmAA9Mt7g1lwjhZaN051,129306,True,1z7b1Pr1rSlvWRzsW3HOrS,3TS0aPsOU08Eu3Jr5NSWPz,Color Blind,album
4pVNH5WciMfWgx3SpZjtI6,Close Your Blinds,https://api.spotify.com/v1/tracks/4pVNH5WciMfWgx3SpZjtI6,159399,True,1z7b1Pr1rSlvWRzsW3HOrS,3TS0aPsOU08Eu3Jr5NSWPz,Color Blind,album
1UJQ7Hx2QJ4fX7YNyTmyBn,Room 411,https://api.spotify.com/v1/tracks/1UJQ7Hx2QJ4fX7YNyTmyBn,130664,True,1z7b1Pr1rSlvWRzsW3HOrS,3TS0aPsOU08Eu3Jr5NSWPz,Color Blind,album
4AIJF4e7XZToSwxQpghneq,Find a Home,https://api.spotify.com/v1/tracks/4AIJF4e7XZToSwxQpghneq,140068,True,1z7b1Pr1rSlvWRzsW3HOrS,3TS0aPsOU08Eu3Jr5NSWPz,Color Blind,album
1wKI7BHGJYoIMLQC3kEYiy,Drunk Love,https://api.spotify.com/v1/tracks/1wKI7BHGJYoIMLQC3kEYiy,224574,True,1z7b1Pr1rSlvWRzsW3HOrS,3TS0aPsOU08Eu3Jr5NSWPz,Color Blind,album
2SdHwOgdq8AOyZIS6hueCo,Paola Pretti,https://api.spotify.com/v1/tracks/2SdHwOgdq8AOyZIS6hueCo,159111,True,1z7b1Pr1rSlvWRzsW3HOrS,3TS0aPsOU08Eu3Jr5NSWPz,Color Blind,album
3e6mfVOjH6cReyWVc9jXGf,Why You Fuckin up so Much,https://api.spotify.com/v1/tracks/3e6mfVOjH6cReyWVc9jXGf,190902,True,1z7b1Pr1rSlvWRzsW3HOrS,3TS0aPsOU08Eu3Jr5NSWPz,Color Blind,album
04ioiaoaD5dH5NEVDPw3hM,Climb on Top,https://api.spotify.com/v1/tracks/04ioiaoaD5dH5NEVDPw3hM,144770,True,1z7b1Pr1rSlvWRzsW3HOrS,3TS0aPsOU08Eu3Jr5NSWPz,Color Blind,album
6g8RhV6gCdtchlszUc6dGx,You Need Something to Live For,https://api.spotify.com/v1/tracks/6g8RhV6gCdtchlszUc6dGx,143568,True,1z7b1Pr1rSlvWRzsW3HOrS,3TS0aPsOU08Eu3Jr5NSWPz,Color Blind,album
7f5KGaujux2Ttq6mXbGAt2,The Ceremony,https://api.spotify.com/v1/tracks/7f5KGaujux2Ttq6mXbGAt2,237348,True,1z7b1Pr1rSlvWRzsW3HOrS,6K4fDvF7E5uqN1BsvYUYFp,5280,album
43wx7yaJnxJWGMUXOxu9qQ,The King,https://api.spotify.com/v1/tracks/43wx7yaJnxJWGMUXOxu9qQ,227291,True,1z7b1Pr1rSlvWRzsW3HOrS,6K4fDvF7E5uqN1BsvYUYFp,5280,album
0RMKbTIC39SVtiacQd5IDi,atLAnta,https://api.spotify.com/v1/tracks/0RMKbTIC39SVtiacQd5IDi,173087,True,1z7b1Pr1rSlvWRzsW3HOrS,6K4fDvF7E5uqN1BsvYUYFp,5280,album
1aky82FvgA5FQbe7AM8bXA,Walk a Mile,https://api.spotify.com/v1/tracks/1aky82FvgA5FQbe7AM8bXA,196858,True,1z7b1Pr1rSlvWRzsW3HOrS,6K4fDvF7E5uqN1BsvYUYFp,5280,album
14uyggfHXZKSZuD2fA8wxt,V.V.V.,https://api.spotify.com/v1/tracks/14uyggfHXZKSZuD2fA8wxt,145789,True,1z7b1Pr1rSlvWRzsW3HOrS,6K4fDvF7E5uqN1BsvYUYFp,5280,album
1ljP0ImCp2GUSjol6hu0Yi,5280,https://api.spotify.com/v1/tracks/1ljP0ImCp2GUSjol6hu0Yi,195709,True,1z7b1Pr1rSlvWRzsW3HOrS,6K4fDvF7E5uqN1BsvYUYFp,5280,album
7elOL72wgK2uZShC5ZxV2k,World on Fire,https://api.spotify.com/v1/tracks/7elOL72wgK2uZShC5ZxV2k,216737,True,1z7b1Pr1rSlvWRzsW3HOrS,6K4fDvF7E5uqN1BsvYUYFp,5280,album
4LPReSZc9u8caBseT0jguK,Lost in Lights,https://api.spotify.com/v1/tracks/4LPReSZc9u8caBseT0jguK,178337,True,1z7b1Pr1rSlvWRzsW3HOrS,6K4fDvF7E5uqN1BsvYUYFp,5280,album
0NXEywxbc17fBh170brG7s,Live Slow or Die Fast,https://api.spotify.com/v1/tracks/0NXEywxbc17fBh170brG7s,173688,True,1z7b1Pr1rSlvWRzsW3HOrS,6K4fDvF7E5uqN1BsvYUYFp,5280,album
4pcN9KvE71PhuBOt7njHoA,Set Me Free,https://api.spotify.com/v1/tracks/4pcN9KvE71PhuBOt7njHoA,263392,True,1z7b1Pr1rSlvWRzsW3HOrS,6K4fDvF7E5uqN1BsvYUYFp,5280,album
12qcTQraplkCHqKe0fqq4Z,The Pretender,https://api.spotify.com/v1/tracks/12qcTQraplkCHqKe0fqq4Z,204695,True,1z7b1Pr1rSlvWRzsW3HOrS,6K4fDvF7E5uqN1BsvYUYFp,5280,album
7upaAThyIqR4vfrRmpOwE2,Flashbacks,https://api.spotify.com/v1/tracks/7upaAThyIqR4vfrRmpOwE2,200933,True,1z7b1Pr1rSlvWRzsW3HOrS,6K4fDvF7E5uqN1BsvYUYFp,5280,album
26EkzZoh9muSpnrdPDGvcI,Blue Hope,https://api.spotify.com/v1/tracks/26EkzZoh9muSpnrdPDGvcI,254563,True,1z7b1Pr1rSlvWRzsW3HOrS,5WzxgdzPvlq825wikQSRjv,Velvet,album
2tF5N6NypB1ajRmrskJJEC,Vision,https://api.spotify.com/v1/tracks/2tF5N6NypB1ajRmrskJJEC,232228,True,1z7b1Pr1rSlvWRzsW3HOrS,5WzxgdzPvlq825wikQSRjv,Velvet,album
5Q2wesb2tbCQrNhfyCRgs5,In My Mind,https://api.spotify.com/v1/tracks/5Q2wesb2tbCQrNhfyCRgs5,229851,True,1z7b1Pr1rSlvWRzsW3HOrS,5WzxgdzPvlq825wikQSRjv,Velvet,album
29g8vNCVk54wSy2fJP3PDj,Battle,https://api.spotify.com/v1/tracks/29g8vNCVk54wSy2fJP3PDj,232411,True,1z7b1Pr1rSlvWRzsW3HOrS,5WzxgdzPvlq825wikQSRjv,Velvet,album
0JJg6NBv2nTIPW6d8s4lUd,Skyline,https://api.spotify.com/v1/tracks/0JJg6NBv2nTIPW6d8s4lUd,273972,True,1z7b1Pr1rSlvWRzsW3HOrS,5WzxgdzPvlq825wikQSRjv,Velvet,album
74LNuxieLJmx9Ge6nlkdzw,Velvet,https://api.spotify.com/v1/tracks/74LNuxieLJmx9Ge6nlkdzw,195500,True,1z7b1Pr1rSlvWRzsW3HOrS,5WzxgdzPvlq825wikQSRjv,Velvet,album
6CLHVOUYT2HBrufhZwdM96,High Def,https://api.spotify.com/v1/tracks/6CLHVOUYT2HBrufhZwdM96,321802,True,1z7b1Pr1rSlvWRzsW3HOrS,5WzxgdzPvlq825wikQSRjv,Velvet,album
50KdqLr8EfJjZgCIqPxkHM,Princess Jasmine,https://api.spotify.com/v1/tracks/50KdqLr8EfJjZgCIqPxkHM,210076,True,1z7b1Pr1rSlvWRzsW3HOrS,5WzxgdzPvlq825wikQSRjv,Velvet,album
1Zwt80wFCB0swcgOa74LLi,"Relax, You're Doing Too Much",https://api.spotify.com/v1/tracks/1Zwt80wFCB0swcgOa74LLi,224888,True,1z7b1Pr1rSlvWRzsW3HOrS,3kPc19Tdm25i0GCfjvtcOz,The Edge,album
7iVjZquw9B4ba52tJ9oz6h,Answer Man,https://api.spotify.com/v1/tracks/7iVjZquw9B4ba52tJ9oz6h,207072,True,1z7b1Pr1rSlvWRzsW3HOrS,3kPc19Tdm25i0GCfjvtcOz,The Edge,album
0Tb7tSE7ncYWFsQ9ZEHNRQ,Snow White & the Incredible Hulk,https://api.spotify.com/v1/tracks/0Tb7tSE7ncYWFsQ9ZEHNRQ,263680,True,1z7b1Pr1rSlvWRzsW3HOrS,3kPc19Tdm25i0GCfjvtcOz,The Edge,album
1kslitGiqQKFaAqNB6JikQ,The Otherside,https://api.spotify.com/v1/tracks/1kslitGiqQKFaAqNB6JikQ,264411,True,1z7b1Pr1rSlvWRzsW3HOrS,3kPc19Tdm25i0GCfjvtcOz,The Edge,album
79HsaCg9ZYRVs6P3RsSyIV,Yung Pacino,https://api.spotify.com/v1/tracks/79HsaCg9ZYRVs6P3RsSyIV,106736,True,1z7b1Pr1rSlvWRzsW3HOrS,3kPc19Tdm25i0GCfjvtcOz,The Edge,album
3i5etNvmKuXzhsJylnAbhK,Don't Worry,https://api.spotify.com/v1/tracks/3i5etNvmKuXzhsJylnAbhK,167288,True,1z7b1Pr1rSlvWRzsW3HOrS,3kPc19Tdm25i0GCfjvtcOz,The Edge,album
3rxatd99rlY896KumCu96B,Golden,https://api.spotify.com/v1/tracks/3rxatd99rlY896KumCu96B,164545,True,1z7b1Pr1rSlvWRzsW3HOrS,3kPc19Tdm25i0GCfjvtcOz,The Edge,album
28OdxHxTcOe7OBvYQtJmBS,Montana,https://api.spotify.com/v1/tracks/28OdxHxTcOe7OBvYQtJmBS,195866,True,1z7b1Pr1rSlvWRzsW3HOrS,3kPc19Tdm25i0GCfjvtcOz,The Edge,album
3Qn6KQZFMoT4MKkVwKwm4A,The Drinking Song,https://api.spotify.com/v1/tracks/3Qn6KQZFMoT4MKkVwKwm4A,147748,True,1z7b1Pr1rSlvWRzsW3HOrS,3kPc19Tdm25i0GCfjvtcOz,The Edge,album
1n5Di3TZWKBspACaBFZoUT,New Home,https://api.spotify.com/v1/tracks/1n5Di3TZWKBspACaBFZoUT,187376,True,1z7b1Pr1rSlvWRzsW3HOrS,3kPc19Tdm25i0GCfjvtcOz,The Edge,album
4VngfXGM33Z8PO2qYi1ki7,Settle Down,https://api.spotify.com/v1/tracks/4VngfXGM33Z8PO2qYi1ki7,322560,True,1z7b1Pr1rSlvWRzsW3HOrS,3kPc19Tdm25i0GCfjvtcOz,The Edge,album
4Jtld3412mqmIJauZtmm91,Mad,https://api.spotify.com/v1/tracks/4Jtld3412mqmIJauZtmm91,164127,True,1z7b1Pr1rSlvWRzsW3HOrS,3kPc19Tdm25i0GCfjvtcOz,The Edge,album
7BmVqO2gsckuGO4JMZkoAv,In Too Deep,https://api.spotify.com/v1/tracks/7BmVqO2gsckuGO4JMZkoAv,148062,True,1z7b1Pr1rSlvWRzsW3HOrS,3kPc19Tdm25i0GCfjvtcOz,The Edge,album
5dUY6lTOjxFuQsGCXG0dS1,Pornstar / Jesus,https://api.spotify.com/v1/tracks/5dUY6lTOjxFuQsGCXG0dS1,134347,True,1z7b1Pr1rSlvWRzsW3HOrS,3kPc19Tdm25i0GCfjvtcOz,The Edge,album
5aKINx7Fv7WAUynZv6tZT4,Gorilla Windmill,https://api.spotify.com/v1/tracks/5aKINx7Fv7WAUynZv6tZT4,225619,True,1z7b1Pr1rSlvWRzsW3HOrS,3kPc19Tdm25i0GCfjvtcOz,The Edge,album
4GB6FXKUPjlDGCltxpx4ul,Speak Spanish,https://api.spotify.com/v1/tracks/4GB6FXKUPjlDGCltxpx4ul,158354,True,1z7b1Pr1rSlvWRzsW3HOrS,3kPc19Tdm25i0GCfjvtcOz,The Edge,album
1f1x1mWWICR236oWBXe8hB,Choosin,https://api.spotify.com/v1/tracks/1f1x1mWWICR236oWBXe8hB,117524,True,1z7b1Pr1rSlvWRzsW3HOrS,3kPc19Tdm25i0GCfjvtcOz,The Edge,album
6BFFFbsxSrdmSSunH4SnBR,Give It to Me,https://api.spotify.com/v1/tracks/6BFFFbsxSrdmSSunH4SnBR,146886,True,1z7b1Pr1rSlvWRzsW3HOrS,3kPc19Tdm25i0GCfjvtcOz,The Edge,album
5G2nSw1UYeZYiOZ74andfd,Tip Toe,https://api.spotify.com/v1/tracks/5G2nSw1UYeZYiOZ74andfd,161201,True,1z7b1Pr1rSlvWRzsW3HOrS,3kPc19Tdm25i0GCfjvtcOz,The Edge,album
0vQJ7yHWeO4Atho2h3y5k1,Mutombo,https://api.spotify.com/v1/tracks/0vQJ7yHWeO4Atho2h3y5k1,135784,True,1z7b1Pr1rSlvWRzsW3HOrS,3kPc19Tdm25i0GCfjvtcOz,The Edge,album
6LnbHTuhq5qqdPr0YWxj3T,Go and Get Famous,https://api.spotify.com/v1/tracks/6LnbHTuhq5qqdPr0YWxj3T,181890,True,1z7b1Pr1rSlvWRzsW3HOrS,3kPc19Tdm25i0GCfjvtcOz,The Edge,album
4GHBprsr2aqaX6vMR2uiGO,The Getaway,https://api.spotify.com/v1/tracks/4GHBprsr2aqaX6vMR2uiGO,244062,True,1z7b1Pr1rSlvWRzsW3HOrS,3kPc19Tdm25i0GCfjvtcOz,The Edge,album
1NiGGm0GZhNFxeo317pqfT,Hope You Make the Right Move,https://api.spotify.com/v1/tracks/1NiGGm0GZhNFxeo317pqfT,172852,True,1z7b1Pr1rSlvWRzsW3HOrS,3kPc19Tdm25i0GCfjvtcOz,The Edge,album
0elUx44fEwv0vXcEQYlZCJ,Why,https://api.spotify.com/v1/tracks/0elUx44fEwv0vXcEQYlZCJ,164440,True,1z7b1Pr1rSlvWRzsW3HOrS,3kPc19Tdm25i0GCfjvtcOz,The Edge,album
0uSPNp00e7JZtDSvmMpMFi,3 Wishes,https://api.spotify.com/v1/tracks/0uSPNp00e7JZtDSvmMpMFi,208248,True,1z7b1Pr1rSlvWRzsW3HOrS,3kPc19Tdm25i0GCfjvtcOz,The Edge,album
57ESZacBlu6EnO8Wy6kKMu,Straight from Limbo (feat. Bugus),https://api.spotify.com/v1/tracks/57ESZacBlu6EnO8Wy6kKMu,237609,True,1z7b1Pr1rSlvWRzsW3HOrS,5x1YzNGPlD0K2rExbgMa7k,Straight from Limbo,album
6sZXVzvtC5f27wPlFJKpCl,In the Wind (feat. Jalil),https://api.spotify.com/v1/tracks/6sZXVzvtC5f27wPlFJKpCl,178860,True,1z7b1Pr1rSlvWRzsW3HOrS,5x1YzNGPlD0K2rExbgMa7k,Straight from Limbo,album
68uqarZM6v1NNn16Fe3gXU,Area 51,https://api.spotify.com/v1/tracks/68uqarZM6v1NNn16Fe3gXU,220473,True,1z7b1Pr1rSlvWRzsW3HOrS,5x1YzNGPlD0K2rExbgMa7k,Straight from Limbo,album
1rTVDoV4plwButzrJG6bTw,The Italian Job,https://api.spotify.com/v1/tracks/1rTVDoV4plwButzrJG6bTw,84506,True,1z7b1Pr1rSlvWRzsW3HOrS,5x1YzNGPlD0K2rExbgMa7k,Straight from Limbo,album
4uCvYW5iR6XNgXuLGrd4xF,C4 (feat. Dartlin & Bugus),https://api.spotify.com/v1/tracks/4uCvYW5iR6XNgXuLGrd4xF,234840,True,1z7b1Pr1rSlvWRzsW3HOrS,5x1YzNGPlD0K2rExbgMa7k,Straight from Limbo,album
0YIHznmBHUjcYgRmGWZihg,Elevator,https://api.spotify.com/v1/tracks/0YIHznmBHUjcYgRmGWZihg,205217,True,1z7b1Pr1rSlvWRzsW3HOrS,5x1YzNGPlD0K2rExbgMa7k,Straight from Limbo,album
0OGLI3CzwAQIjIGfSzNJma,The One,https://api.spotify.com/v1/tracks/0OGLI3CzwAQIjIGfSzNJma,250853,True,1z7b1Pr1rSlvWRzsW3HOrS,5x1YzNGPlD0K2rExbgMa7k,Straight from Limbo,album
0I2MKo4hpxmFWp4QXja4eX,Corleone,https://api.spotify.com/v1/tracks/0I2MKo4hpxmFWp4QXja4eX,218488,True,1z7b1Pr1rSlvWRzsW3HOrS,5x1YzNGPlD0K2rExbgMa7k,Straight from Limbo,album
6DtIloxtrXnskKjSVecoaf,Amazon,https://api.spotify.com/v1/tracks/6DtIloxtrXnskKjSVecoaf,148767,True,1z7b1Pr1rSlvWRzsW3HOrS,5x1YzNGPlD0K2rExbgMa7k,Straight from Limbo,album
7zFaDpD3PtBMHxhnbq56Ep,Holy Trinity,https://api.spotify.com/v1/tracks/7zFaDpD3PtBMHxhnbq56Ep,255059,True,1z7b1Pr1rSlvWRzsW3HOrS,5x1YzNGPlD0K2rExbgMa7k,Straight from Limbo,album
53aHgji1oQoW13FVDo7zjx,R.E.M.,https://api.spotify.com/v1/tracks/53aHgji1oQoW13FVDo7zjx,139650,True,1z7b1Pr1rSlvWRzsW3HOrS,5x1YzNGPlD0K2rExbgMa7k,Straight from Limbo,album
3LZNqXlRQJe81CUWZDP9Do,Images (feat. John Anthony),https://api.spotify.com/v1/tracks/3LZNqXlRQJe81CUWZDP9Do,164205,True,1z7b1Pr1rSlvWRzsW3HOrS,5x1YzNGPlD0K2rExbgMa7k,Straight from Limbo,album
52z0kYM0tWmkL58qi9ITk6,Streetlights,https://api.spotify.com/v1/tracks/52z0kYM0tWmkL58qi9ITk6,199235,True,1z7b1Pr1rSlvWRzsW3HOrS,5x1YzNGPlD0K2rExbgMa7k,Straight from Limbo,album
6WbdGc62Ai6wnVieIE5C3P,Batcave,https://api.spotify.com/v1/tracks/6WbdGc62Ai6wnVieIE5C3P,137926,True,1z7b1Pr1rSlvWRzsW3HOrS,5x1YzNGPlD0K2rExbgMa7k,Straight from Limbo,album
2oBH6TNoAzkrXCSKQEI0Sp,Serenity,https://api.spotify.com/v1/tracks/2oBH6TNoAzkrXCSKQEI0Sp,218070,True,1z7b1Pr1rSlvWRzsW3HOrS,5x1YzNGPlD0K2rExbgMa7k,Straight from Limbo,album
5Uat4gDLn8M6F3ZzPxgcHj,Clouds,https://api.spotify.com/v1/tracks/5Uat4gDLn8M6F3ZzPxgcHj,140068,True,1z7b1Pr1rSlvWRzsW3HOrS,5x1YzNGPlD0K2rExbgMa7k,Straight from Limbo,album
6EmylFss1JExPgeW1qRQso,Coup D'etat,https://api.spotify.com/v1/tracks/6EmylFss1JExPgeW1qRQso,96052,True,1z7b1Pr1rSlvWRzsW3HOrS,5x1YzNGPlD0K2rExbgMa7k,Straight from Limbo,album
3JXFG1AMFydEbP2PeL9GKO,The Lookout,https://api.spotify.com/v1/tracks/3JXFG1AMFydEbP2PeL9GKO,226115,True,1z7b1Pr1rSlvWRzsW3HOrS,5x1YzNGPlD0K2rExbgMa7k,Straight from Limbo,album
6bfqXAF542WAx3hZy7Q3vc,Let Me Live,https://api.spotify.com/v1/tracks/6bfqXAF542WAx3hZy7Q3vc,175882,True,1z7b1Pr1rSlvWRzsW3HOrS,5x1YzNGPlD0K2rExbgMa7k,Straight from Limbo,album
4WrlDrCQonBkAAHXveQcHD,Vacation Beach,https://api.spotify.com/v1/tracks/4WrlDrCQonBkAAHXveQcHD,216058,True,1z7b1Pr1rSlvWRzsW3HOrS,5vBogQencvbV8I0N38tf5E,Vacation,album
5rxxYFZ7vmllTwW6k8Rspc,Gods of Bingo,https://api.spotify.com/v1/tracks/5rxxYFZ7vmllTwW6k8Rspc,254354,True,1z7b1Pr1rSlvWRzsW3HOrS,5vBogQencvbV8I0N38tf5E,Vacation,album
2ucSG1KdAUi7VLaTekVf3c,Maniac,https://api.spotify.com/v1/tracks/2ucSG1KdAUi7VLaTekVf3c,244062,True,1z7b1Pr1rSlvWRzsW3HOrS,5vBogQencvbV8I0N38tf5E,Vacation,album
1cFjBEvb0pWmnzYpeVo8O1,I Don't Know,https://api.spotify.com/v1/tracks/1cFjBEvb0pWmnzYpeVo8O1,205766,True,1z7b1Pr1rSlvWRzsW3HOrS,5vBogQencvbV8I0N38tf5E,Vacation,album
5HD5Hd3dUI3QfoUXyodRzT,Let Me Know,https://api.spotify.com/v1/tracks/5HD5Hd3dUI3QfoUXyodRzT,204564,True,1z7b1Pr1rSlvWRzsW3HOrS,5vBogQencvbV8I0N38tf5E,Vacation,album
0pB1PHFXmmSHRPAL7gGXlP,Boroks,https://api.spotify.com/v1/tracks/0pB1PHFXmmSHRPAL7gGXlP,67474,True,1z7b1Pr1rSlvWRzsW3HOrS,5vBogQencvbV8I0N38tf5E,Vacation,album
6rnqvT9AJADmSFgzZJ81Zq,Vacation,https://api.spotify.com/v1/tracks/6rnqvT9AJADmSFgzZJ81Zq,150073,True,1z7b1Pr1rSlvWRzsW3HOrS,5vBogQencvbV8I0N38tf5E,Vacation,album
1UejkLrDWcPCxDXKTfgER0,Reality Kings,https://api.spotify.com/v1/tracks/1UejkLrDWcPCxDXKTfgER0,232385,True,1z7b1Pr1rSlvWRzsW3HOrS,5vBogQencvbV8I0N38tf5E,Vacation,album
0H9KwoTdcL5B0YHS6kXgN4,Zero,https://api.spotify.com/v1/tracks/0H9KwoTdcL5B0YHS6kXgN4,220734,True,1z7b1Pr1rSlvWRzsW3HOrS,5vBogQencvbV8I0N38tf5E,Vacation,album
1KDa8O4O0KkCbBH7uRO1W1,Wassup,https://api.spotify.com/v1/tracks/1KDa8O4O0KkCbBH7uRO1W1,255843,True,1z7b1Pr1rSlvWRzsW3HOrS,5vBogQencvbV8I0N38tf5E,Vacation,album
43yOkq5uR4HkRRzNDRNLYb,The Boss,https://api.spotify.com/v1/tracks/43yOkq5uR4HkRRzNDRNLYb,123924,True,1z7b1Pr1rSlvWRzsW3HOrS,5vBogQencvbV8I0N38tf5E,Vacation,album
5bnttvU40REWXsRfKTfWEC,Rrreebah,https://api.spotify.com/v1/tracks/5bnttvU40REWXsRfKTfWEC,165067,True,1z7b1Pr1rSlvWRzsW3HOrS,5vBogQencvbV8I0N38tf5E,Vacation,album
5ypdzmAcKX5NILSAuTipT0,Didn't I,https://api.spotify.com/v1/tracks/5ypdzmAcKX5NILSAuTipT0,233978,True,1z7b1Pr1rSlvWRzsW3HOrS,5vBogQencvbV8I0N38tf5E,Vacation,album
74IuBI3dcvbL2tVfkn8fg4,Loroks,https://api.spotify.com/v1/tracks/74IuBI3dcvbL2tVfkn8fg4,226272,True,1z7b1Pr1rSlvWRzsW3HOrS,5vBogQencvbV8I0N38tf5E,Vacation,album
0uUaccZ1Tkp085UhxacKQT,Orbit,https://api.spotify.com/v1/tracks/0uUaccZ1Tkp085UhxacKQT,56737,True,1z7b1Pr1rSlvWRzsW3HOrS,4FWRkDpjc2nCoYtGeNYNIp,Apollo 13,album
4IE1IemMtb9eYAqAzjZM0W,15 aerA,https://api.spotify.com/v1/tracks/4IE1IemMtb9eYAqAzjZM0W,222458,True,1z7b1Pr1rSlvWRzsW3HOrS,4FWRkDpjc2nCoYtGeNYNIp,Apollo 13,album
4QNfFJsKClkD57QQW97GAS,Baileys Dogma,https://api.spotify.com/v1/tracks/4QNfFJsKClkD57QQW97GAS,216058,True,1z7b1Pr1rSlvWRzsW3HOrS,4FWRkDpjc2nCoYtGeNYNIp,Apollo 13,album
02GnSPkHSU3cZldlwnwQnT,Apollo 13,https://api.spotify.com/v1/tracks/02GnSPkHSU3cZldlwnwQnT,270053,True,1z7b1Pr1rSlvWRzsW3HOrS,4FWRkDpjc2nCoYtGeNYNIp,Apollo 13,album
3FVjf40eB7NLEa6vvTaYva,Jungle,https://api.spotify.com/v1/tracks/3FVjf40eB7NLEa6vvTaYva,207699,True,1z7b1Pr1rSlvWRzsW3HOrS,4FWRkDpjc2nCoYtGeNYNIp,Apollo 13,album
0PMl1Gynu06gp4YshyVIO6,Window,https://api.spotify.com/v1/tracks/0PMl1Gynu06gp4YshyVIO6,234919,True,1z7b1Pr1rSlvWRzsW3HOrS,4FWRkDpjc2nCoYtGeNYNIp,Apollo 13,album
2pwa7PTPK9da7UOqZr4kaN,Space,https://api.spotify.com/v1/tracks/2pwa7PTPK9da7UOqZr4kaN,273972,True,1z7b1Pr1rSlvWRzsW3HOrS,4FWRkDpjc2nCoYtGeNYNIp,Apollo 13,album
2HEXi0FKcseT1GHALHqivI,Castles,https://api.spotify.com/v1/tracks/2HEXi0FKcseT1GHALHqivI,234840,True,1z7b1Pr1rSlvWRzsW3HOrS,4FWRkDpjc2nCoYtGeNYNIp,Apollo 13,album
